npz,component,waveform_mae,waveform_rmse,waveform_max_abs,waveform_relative_l2,waveform_corrcoef,waveform_cosine,mask_mae,mask_rmse,mask_argmax_acc,softmax_mae,softmax_rmse
Dataset\pred\BK_BKS_2008110908041793.npz,0,39.89002227783203,49.37900924682617,232.09951782226562,0.1479994708484071,0.9958242070212107,0.9957945118073701,0.14141395688056946,0.16997021436691284,0.972235596212486,0.14141395688056946,0.16997021436691284
Dataset\pred\BK_BKS_2008110908041793.npz,1,39.89002227783203,49.37900924682617,232.09951782226562,0.1479994708484071,0.9958242070212107,0.9957945118073701,0.14141395688056946,0.16997021436691284,0.972235596212486,0.14141395688056946,0.16997021436691284
Dataset\pred\BK_BKS_2008110908041793.npz,2,39.89002227783203,49.37900924682617,232.09951782226562,0.1479994708484071,0.9958242070212107,0.9957945118073701,0.14141395688056946,0.16997021436691284,0.972235596212486,0.14141395688056946,0.16997021436691284
Dataset\pred\BK_BRIB_2007011811222058.npz,0,56.27725601196289,78.70108795166016,344.4507751464844,0.12874523019601652,0.991738384628017,0.9961851951483811,0.6221920847892761,0.6832638382911682,0.20975766329642112,0.6221920847892761,0.6832638382911682
Dataset\pred\BK_BRIB_2007011811222058.npz,1,56.27725601196289,78.70108795166016,344.4507751464844,0.12874523019601652,0.991738384628017,0.9961851951483811,0.6221920847892761,0.6832638382911682,0.20975766329642112,0.6221920847892761,0.6832638382911682
Dataset\pred\BK_BRIB_2007011811222058.npz,2,56.27725601196289,78.70108795166016,344.4507751464844,0.12874523019601652,0.991738384628017,0.9961851951483811,0.6221920847892761,0.6832638382911682,0.20975766329642112,0.6221920847892761,0.6832638382911682
Dataset\pred\BK_BRIB_2008083102492135.npz,0,53.47272491455078,65.13145446777344,244.1982421875,0.14897813948916966,0.9974246720161288,0.9973948898411132,0.12577742338180542,0.14863072335720062,0.994703899855561,0.12577742338180542,0.14863070845603943
Dataset\pred\BK_BRIB_2008083102492135.npz,1,53.47272491455078,65.13145446777344,244.1982421875,0.14897813948916966,0.9974246720161288,0.9973948898411132,0.12577742338180542,0.14863072335720062,0.994703899855561,0.12577742338180542,0.14863070845603943
Dataset\pred\BK_BRIB_2008083102492135.npz,2,53.47272491455078,65.13145446777344,244.1982421875,0.14897813948916966,0.9974246720161288,0.9973948898411132,0.12577742338180542,0.14863072335720062,0.994703899855561,0.12577742338180542,0.14863070845603943
Dataset\pred\BK_BRIB_2014013106171630.npz,0,128.6896209716797,169.1059112548828,876.33740234375,0.13968766403117114,0.9966967323866557,0.9966314459238014,0.270696222782135,0.33863362669944763,0.6880115551275878,0.270696222782135,0.33863362669944763
Dataset\pred\BK_BRIB_2014013106171630.npz,1,128.6896209716797,169.1059112548828,876.33740234375,0.13968766403117114,0.9966967323866557,0.9966314459238014,0.270696222782135,0.33863362669944763,0.6880115551275878,0.270696222782135,0.33863362669944763
Dataset\pred\BK_BRIB_2014013106171630.npz,2,128.6896209716797,169.1059112548828,876.33740234375,0.13968766403117114,0.9966967323866557,0.9966314459238014,0.270696222782135,0.33863362669944763,0.6880115551275878,0.270696222782135,0.33863362669944763
Dataset\pred\BK_BRK_2010120823573836.npz,0,267.47247314453125,387.62103271484375,3725.35498046875,0.25202758885991877,0.9738719749082595,0.9738622331657637,0.2073061317205429,0.25632649660110474,0.9126945915583373,0.20730610191822052,0.25632649660110474
Dataset\pred\BK_BRK_2010120823573836.npz,1,267.47247314453125,387.62103271484375,3725.35498046875,0.25202758885991877,0.9738719749082595,0.9738622331657637,0.2073061317205429,0.25632649660110474,0.9126945915583373,0.20730610191822052,0.25632649660110474
Dataset\pred\BK_BRK_2010120823573836.npz,2,267.47247314453125,387.62103271484375,3725.35498046875,0.25202758885991877,0.9738719749082595,0.9738622331657637,0.2073061317205429,0.25632649660110474,0.9126945915583373,0.20730610191822052,0.25632649660110474
Dataset\pred\BK_CVS_2007061007523308.npz,0,15.626182556152344,19.884801864624023,78.64204406738281,0.18462073468731008,0.9969245722756487,0.9968023023765769,0.1467176228761673,0.16934216022491455,0.9956668271545498,0.1467176228761673,0.16934216022491455
Dataset\pred\BK_CVS_2007061007523308.npz,1,15.626182556152344,19.884801864624023,78.64204406738281,0.18462073468731008,0.9969245722756487,0.9968023023765769,0.1467176228761673,0.16934216022491455,0.9956668271545498,0.1467176228761673,0.16934216022491455
Dataset\pred\BK_CVS_2007061007523308.npz,2,15.626182556152344,19.884801864624023,78.64204406738281,0.18462073468731008,0.9969245722756487,0.9968023023765769,0.1467176228761673,0.16934216022491455,0.9956668271545498,0.1467176228761673,0.16934216022491455
Dataset\pred\BK_CVS_2009091609591795.npz,0,103.15333557128906,130.45883178710938,469.63720703125,0.15298329059205754,0.9978721041133964,0.9976334007827762,0.1283726692199707,0.15251103043556213,0.9966297544535387,0.1283726692199707,0.15251103043556213
Dataset\pred\BK_CVS_2009091609591795.npz,1,103.15333557128906,130.45883178710938,469.63720703125,0.15298329059205754,0.9978721041133964,0.9976334007827762,0.1283726692199707,0.15251103043556213,0.9966297544535387,0.1283726692199707,0.15251103043556213
Dataset\pred\BK_CVS_2009091609591795.npz,2,103.15333557128906,130.45883178710938,469.63720703125,0.15298329059205754,0.9978721041133964,0.9976334007827762,0.1283726692199707,0.15251103043556213,0.9966297544535387,0.1283726692199707,0.15251103043556213
Dataset\pred\BK_CVS_2015030117211528.npz,0,134.16098022460938,190.57357788085938,1226.487060546875,0.18942333089149221,0.9834532474885849,0.9833127770407672,0.31268882751464844,0.3973756432533264,0.6400256780613064,0.31268882751464844,0.3973756432533264
Dataset\pred\BK_CVS_2015030117211528.npz,1,134.16098022460938,190.57357788085938,1226.487060546875,0.18942333089149221,0.9834532474885849,0.9833127770407672,0.31268882751464844,0.3973756432533264,0.6400256780613064,0.31268882751464844,0.3973756432533264
Dataset\pred\BK_CVS_2015030117211528.npz,2,134.16098022460938,190.57357788085938,1226.487060546875,0.18942333089149221,0.9834532474885849,0.9833127770407672,0.31268882751464844,0.3973756432533264,0.6400256780613064,0.31268882751464844,0.3973756432533264
Dataset\pred\BK_GASB_2008051722112364.npz,0,18.19794273376465,32.616119384765625,388.4842529296875,0.26827719628240554,0.9627277782671471,0.963501995557965,0.225341796875,0.2919309437274933,0.8022789279409405,0.2253418117761612,0.2919309437274933
Dataset\pred\BK_GASB_2008051722112364.npz,1,18.19794273376465,32.616119384765625,388.4842529296875,0.26827719628240554,0.9627277782671471,0.963501995557965,0.225341796875,0.2919309437274933,0.8022789279409405,0.2253418117761612,0.2919309437274933
Dataset\pred\BK_GASB_2008051722112364.npz,2,18.19794273376465,32.616119384765625,388.4842529296875,0.26827719628240554,0.9627277782671471,0.963501995557965,0.225341796875,0.2919309437274933,0.8022789279409405,0.2253418117761612,0.2919309437274933
Dataset\pred\BK_GASB_2015050109124681.npz,0,304.4020080566406,618.5411987304688,7612.8173828125,0.5593181514054704,0.8728249987662232,0.8763106296975395,0.2532110810279846,0.332154244184494,0.7319852351147489,0.2532110810279846,0.332154244184494
Dataset\pred\BK_GASB_2015050109124681.npz,1,304.4020080566406,618.5411987304688,7612.8173828125,0.5593181514054704,0.8728249987662232,0.8763106296975395,0.2532110810279846,0.332154244184494,0.7319852351147489,0.2532110810279846,0.332154244184494
Dataset\pred\BK_GASB_2015050109124681.npz,2,304.4020080566406,618.5411987304688,7612.8173828125,0.5593181514054704,0.8728249987662232,0.8763106296975395,0.2532110810279846,0.332154244184494,0.7319852351147489,0.2532110810279846,0.332154244184494
Dataset\pred\BK_GASB_2015122620264141.npz,0,222.0674591064453,426.86859130859375,5589.2958984375,0.48004577958429445,0.8900429056527372,0.8895534388006925,0.3110400438308716,0.3997119963169098,0.6706788637457872,0.3110400140285492,0.3997119963169098
Dataset\pred\BK_GASB_2015122620264141.npz,1,222.0674591064453,426.86859130859375,5589.2958984375,0.48004577958429445,0.8900429056527372,0.8895534388006925,0.3110400438308716,0.3997119963169098,0.6706788637457872,0.3110400140285492,0.3997119963169098
Dataset\pred\BK_GASB_2015122620264141.npz,2,222.0674591064453,426.86859130859375,5589.2958984375,0.48004577958429445,0.8900429056527372,0.8895534388006925,0.3110400438308716,0.3997119963169098,0.6706788637457872,0.3110400140285492,0.3997119963169098
Dataset\pred\BK_GASB_2016071223484949.npz,0,57.694759368896484,97.60125732421875,1420.1341552734375,0.2950629701198494,0.9518455586556678,0.9555248426181038,0.22206974029541016,0.29721349477767944,0.7579842721874498,0.22206975519657135,0.29721346497535706
Dataset\pred\BK_GASB_2016071223484949.npz,1,57.694759368896484,97.60125732421875,1420.1341552734375,0.2950629701198494,0.9518455586556678,0.9555248426181038,0.22206974029541016,0.29721349477767944,0.7579842721874498,0.22206975519657135,0.29721346497535706
Dataset\pred\BK_GASB_2016071223484949.npz,2,57.694759368896484,97.60125732421875,1420.1341552734375,0.2950629701198494,0.9518455586556678,0.9555248426181038,0.22206974029541016,0.29721349477767944,0.7579842721874498,0.22206975519657135,0.29721346497535706
Dataset\pred\BK_HAST_2013011012490359.npz,0,162.42001342773438,201.10736083984375,694.1923828125,0.15711350004273467,0.9977802998490255,0.9976962961639889,0.144619420170784,0.1632564514875412,0.9974321938693629,0.1446194052696228,0.1632564514875412
Dataset\pred\BK_HAST_2013011012490359.npz,1,162.42001342773438,201.10736083984375,694.1923828125,0.15711350004273467,0.9977802998490255,0.9976962961639889,0.144619420170784,0.1632564514875412,0.9974321938693629,0.1446194052696228,0.1632564514875412
Dataset\pred\BK_HAST_2013011012490359.npz,2,162.42001342773438,201.10736083984375,694.1923828125,0.15711350004273467,0.9977802998490255,0.9976962961639889,0.144619420170784,0.1632564514875412,0.9974321938693629,0.1446194052696228,0.1632564514875412
Dataset\pred\BK_HAST_2014043017171578.npz,0,204.11598205566406,233.83885192871094,901.4761962890625,0.15925124102905236,0.9984693518050654,0.9978570517930092,0.15446801483631134,0.17939583957195282,0.995506339271385,0.15446799993515015,0.17939583957195282
Dataset\pred\BK_HAST_2014043017171578.npz,1,204.11598205566406,233.83885192871094,901.4761962890625,0.15925124102905236,0.9984693518050654,0.9978570517930092,0.15446801483631134,0.17939583957195282,0.995506339271385,0.15446799993515015,0.17939583957195282
Dataset\pred\BK_HAST_2014043017171578.npz,2,204.11598205566406,233.83885192871094,901.4761962890625,0.15925124102905236,0.9984693518050654,0.9978570517930092,0.15446801483631134,0.17939583957195282,0.995506339271385,0.15446799993515015,0.17939583957195282
Dataset\pred\BK_HAST_2014122014282893.npz,0,277.0665283203125,402.7845153808594,2297.84130859375,0.292262190488551,0.959522755146361,0.959419659608946,0.34919455647468567,0.41324713826179504,0.5761515005617076,0.34919455647468567,0.41324710845947266
Dataset\pred\BK_HAST_2014122014282893.npz,1,277.0665283203125,402.7845153808594,2297.84130859375,0.292262190488551,0.959522755146361,0.959419659608946,0.34919455647468567,0.41324713826179504,0.5761515005617076,0.34919455647468567,0.41324710845947266
Dataset\pred\BK_HAST_2014122014282893.npz,2,277.0665283203125,402.7845153808594,2297.84130859375,0.292262190488551,0.959522755146361,0.959419659608946,0.34919455647468567,0.41324713826179504,0.5761515005617076,0.34919455647468567,0.41324710845947266
Dataset\pred\BK_HAST_2016031809131597.npz,0,213.54835510253906,312.396240234375,1553.14013671875,0.46233119832407893,0.8939048522844985,0.8936983052658567,0.33959031105041504,0.4283193349838257,0.6095329802599904,0.33959031105041504,0.4283193349838257
Dataset\pred\BK_HAST_2016031809131597.npz,1,213.54835510253906,312.396240234375,1553.14013671875,0.46233119832407893,0.8939048522844985,0.8936983052658567,0.33959031105041504,0.4283193349838257,0.6095329802599904,0.33959031105041504,0.4283193349838257
Dataset\pred\BK_HAST_2016031809131597.npz,2,213.54835510253906,312.396240234375,1553.14013671875,0.46233119832407893,0.8939048522844985,0.8936983052658567,0.33959031105041504,0.4283193349838257,0.6095329802599904,0.33959031105041504,0.4283193349838257
Dataset\pred\BK_HATC_2013052503111356.npz,0,0.3178507387638092,0.4791853427886963,2.906892776489258,0.5509843164913043,0.8659722105347725,0.8659577700277323,0.2243509143590927,0.29793602228164673,0.7621569571497352,0.2243509143590927,0.29793602228164673
Dataset\pred\BK_HATC_2013052503111356.npz,1,0.3178507387638092,0.4791853427886963,2.906892776489258,0.5509843164913043,0.8659722105347725,0.8659577700277323,0.2243509143590927,0.29793602228164673,0.7621569571497352,0.2243509143590927,0.29793602228164673
Dataset\pred\BK_HATC_2013052503111356.npz,2,0.3178507387638092,0.4791853427886963,2.906892776489258,0.5509843164913043,0.8659722105347725,0.8659577700277323,0.2243509143590927,0.29793602228164673,0.7621569571497352,0.2243509143590927,0.29793602228164673
Dataset\pred\BK_HOPS_2012091713455701.npz,0,138.34945678710938,186.5565948486328,1413.85302734375,0.19294125213845237,0.9865948582796403,0.9859603258455228,0.16817815601825714,0.22656844556331635,0.8871770181351308,0.16817815601825714,0.22656844556331635
Dataset\pred\BK_HOPS_2012091713455701.npz,1,138.34945678710938,186.5565948486328,1413.85302734375,0.19294125213845237,0.9865948582796403,0.9859603258455228,0.16817815601825714,0.22656844556331635,0.8871770181351308,0.16817815601825714,0.22656844556331635
Dataset\pred\BK_HOPS_2012091713455701.npz,2,138.34945678710938,186.5565948486328,1413.85302734375,0.19294125213845237,0.9865948582796403,0.9859603258455228,0.16817815601825714,0.22656844556331635,0.8871770181351308,0.16817815601825714,0.22656844556331635
Dataset\pred\BK_JCC_2013082506092261.npz,0,0.23416900634765625,0.480800986289978,5.506319999694824,0.5803950854142162,0.8434273948874513,0.8446401794177176,0.19737140834331512,0.26104041934013367,0.7804525758305247,0.19737140834331512,0.26104041934013367
Dataset\pred\BK_JCC_2013082506092261.npz,1,0.23416900634765625,0.480800986289978,5.506319999694824,0.5803950854142162,0.8434273948874513,0.8446401794177176,0.19737140834331512,0.26104041934013367,0.7804525758305247,0.19737140834331512,0.26104041934013367
Dataset\pred\BK_JCC_2013082506092261.npz,2,0.23416900634765625,0.480800986289978,5.506319999694824,0.5803950854142162,0.8434273948874513,0.8446401794177176,0.19737140834331512,0.26104041934013367,0.7804525758305247,0.19737140834331512,0.26104041934013367
Dataset\pred\BK_JRSC_2011012114141081.npz,0,0.16712021827697754,0.24520201981067657,1.9628121852874756,0.3048840351617382,0.9538477162212419,0.9542197788685738,0.1896694004535675,0.2400255650281906,0.8338950409244102,0.1896693855524063,0.24002555012702942
Dataset\pred\BK_JRSC_2011012114141081.npz,1,0.16712021827697754,0.24520201981067657,1.9628121852874756,0.3048840351617382,0.9538477162212419,0.9542197788685738,0.1896694004535675,0.2400255650281906,0.8338950409244102,0.1896693855524063,0.24002555012702942
Dataset\pred\BK_JRSC_2011012114141081.npz,2,0.16712021827697754,0.24520201981067657,1.9628121852874756,0.3048840351617382,0.9538477162212419,0.9542197788685738,0.1896694004535675,0.2400255650281906,0.8338950409244102,0.1896693855524063,0.24002555012702942
Dataset\pred\BK_MHC_2008090514271036.npz,0,30.88658332824707,37.32333755493164,111.1268310546875,0.14997261285506122,0.997953670373847,0.9977888909759569,0.1276884526014328,0.15057384967803955,0.9987160969346814,0.1276884526014328,0.15057384967803955
Dataset\pred\BK_MHC_2008090514271036.npz,1,30.88658332824707,37.32333755493164,111.1268310546875,0.14997261285506122,0.997953670373847,0.9977888909759569,0.1276884526014328,0.15057384967803955,0.9987160969346814,0.1276884526014328,0.15057384967803955
Dataset\pred\BK_MHC_2008090514271036.npz,2,30.88658332824707,37.32333755493164,111.1268310546875,0.14997261285506122,0.997953670373847,0.9977888909759569,0.1276884526014328,0.15057384967803955,0.9987160969346814,0.1276884526014328,0.15057384967803955
Dataset\pred\BK_MHC_2009090915390724.npz,0,46.57387161254883,65.6436538696289,569.639404296875,0.22805822967063774,0.9545983934413969,0.9763359593318147,0.520378589630127,0.5796316266059875,0.2492376825549671,0.520378589630127,0.5796315670013428
Dataset\pred\BK_MHC_2009090915390724.npz,1,46.57387161254883,65.6436538696289,569.639404296875,0.22805822967063774,0.9545983934413969,0.9763359593318147,0.520378589630127,0.5796316266059875,0.2492376825549671,0.520378589630127,0.5796315670013428
Dataset\pred\BK_MHC_2009090915390724.npz,2,46.57387161254883,65.6436538696289,569.639404296875,0.22805822967063774,0.9545983934413969,0.9763359593318147,0.520378589630127,0.5796316266059875,0.2492376825549671,0.520378589630127,0.5796315670013428
Dataset\pred\BK_MHC_2010102601582164.npz,0,163.52952575683594,213.6962890625,1038.0645751953125,0.16166967303431737,0.991117218235866,0.9907858274152003,0.24623896181583405,0.3133021295070648,0.7661691542288557,0.24623896181583405,0.3133021295070648
Dataset\pred\BK_MHC_2010102601582164.npz,1,163.52952575683594,213.6962890625,1038.0645751953125,0.16166967303431737,0.991117218235866,0.9907858274152003,0.24623896181583405,0.3133021295070648,0.7661691542288557,0.24623896181583405,0.3133021295070648
Dataset\pred\BK_MHC_2010102601582164.npz,2,163.52952575683594,213.6962890625,1038.0645751953125,0.16166967303431737,0.991117218235866,0.9907858274152003,0.24623896181583405,0.3133021295070648,0.7661691542288557,0.24623896181583405,0.3133021295070648
Dataset\pred\BK_MHC_2011011701573454.npz,0,418.22076416015625,729.9197998046875,12867.0595703125,0.29838892881124596,0.9549821739814099,0.9556125776829584,0.21308672428131104,0.2735280990600586,0.8399935804846734,0.21308672428131104,0.2735280990600586
Dataset\pred\BK_MHC_2011011701573454.npz,1,418.22076416015625,729.9197998046875,12867.0595703125,0.29838892881124596,0.9549821739814099,0.9556125776829584,0.21308672428131104,0.2735280990600586,0.8399935804846734,0.21308672428131104,0.2735280990600586
Dataset\pred\BK_MHC_2011011701573454.npz,2,418.22076416015625,729.9197998046875,12867.0595703125,0.29838892881124596,0.9549821739814099,0.9556125776829584,0.21308672428131104,0.2735280990600586,0.8399935804846734,0.21308672428131104,0.2735280990600586
Dataset\pred\BK_MHC_2011022818165675.npz,0,419.6045837402344,475.6166687011719,1333.3896484375,0.14066079952254718,0.9967548616477255,0.9982135394161121,0.31204599142074585,0.4098418056964874,0.6517412935323383,0.31204599142074585,0.40984177589416504
Dataset\pred\BK_MHC_2011022818165675.npz,1,419.6045837402344,475.6166687011719,1333.3896484375,0.14066079952254718,0.9967548616477255,0.9982135394161121,0.31204599142074585,0.4098418056964874,0.6517412935323383,0.31204599142074585,0.40984177589416504
Dataset\pred\BK_MHC_2011022818165675.npz,2,419.6045837402344,475.6166687011719,1333.3896484375,0.14066079952254718,0.9967548616477255,0.9982135394161121,0.31204599142074585,0.4098418056964874,0.6517412935323383,0.31204599142074585,0.40984177589416504
Dataset\pred\BK_MHC_2012021515430758.npz,0,2.4564685821533203,4.051723003387451,23.559947967529297,0.31999760703901925,0.9665617428138157,0.9665611940683554,0.18432538211345673,0.2529657185077667,0.8659926175573744,0.18432538211345673,0.2529657185077667
Dataset\pred\BK_MHC_2012021515430758.npz,1,2.4564685821533203,4.051723003387451,23.559947967529297,0.31999760703901925,0.9665617428138157,0.9665611940683554,0.18432538211345673,0.2529657185077667,0.8659926175573744,0.18432538211345673,0.2529657185077667
Dataset\pred\BK_MHC_2012021515430758.npz,2,2.4564685821533203,4.051723003387451,23.559947967529297,0.31999760703901925,0.9665617428138157,0.9665611940683554,0.18432538211345673,0.2529657185077667,0.8659926175573744,0.18432538211345673,0.2529657185077667
Dataset\pred\BK_MHC_2016062017393936.npz,0,94.13931274414062,117.32695007324219,432.251708984375,0.11584586728378914,0.9979368071502868,0.9978613240713878,0.49630972743034363,0.5693836212158203,0.35002407318247475,0.49630966782569885,0.5693836212158203
Dataset\pred\BK_MHC_2016062017393936.npz,1,94.13931274414062,117.32695007324219,432.251708984375,0.11584586728378914,0.9979368071502868,0.9978613240713878,0.49630972743034363,0.5693836212158203,0.35002407318247475,0.49630966782569885,0.5693836212158203
Dataset\pred\BK_MHC_2016062017393936.npz,2,94.13931274414062,117.32695007324219,432.251708984375,0.11584586728378914,0.9979368071502868,0.9978613240713878,0.49630972743034363,0.5693836212158203,0.35002407318247475,0.49630966782569885,0.5693836212158203
Dataset\pred\BK_MHC_2017060812490203.npz,0,1.014621615409851,1.4256007671356201,7.4343037605285645,0.3400435713777845,0.966042501637757,0.9660416052428786,0.24620835483074188,0.30177515745162964,0.8616594447119242,0.24620835483074188,0.30177515745162964
Dataset\pred\BK_MHC_2017060812490203.npz,1,1.014621615409851,1.4256007671356201,7.4343037605285645,0.3400435713777845,0.966042501637757,0.9660416052428786,0.24620835483074188,0.30177515745162964,0.8616594447119242,0.24620835483074188,0.30177515745162964
Dataset\pred\BK_MHC_2017060812490203.npz,2,1.014621615409851,1.4256007671356201,7.4343037605285645,0.3400435713777845,0.966042501637757,0.9660416052428786,0.24620835483074188,0.30177515745162964,0.8616594447119242,0.24620835483074188,0.30177515745162964
Dataset\pred\BK_MNRC_2009070307222893.npz,0,12.692784309387207,18.02088165283203,79.20826721191406,0.25253576800208827,0.9678758950725105,0.9677138968666341,0.19101184606552124,0.26803717017173767,0.8263521104156636,0.19101184606552124,0.26803717017173767
Dataset\pred\BK_MNRC_2009070307222893.npz,1,12.692784309387207,18.02088165283203,79.20826721191406,0.25253576800208827,0.9678758950725105,0.9677138968666341,0.19101184606552124,0.26803717017173767,0.8263521104156636,0.19101184606552124,0.26803717017173767
Dataset\pred\BK_MNRC_2009070307222893.npz,2,12.692784309387207,18.02088165283203,79.20826721191406,0.25253576800208827,0.9678758950725105,0.9677138968666341,0.19101184606552124,0.26803717017173767,0.8263521104156636,0.19101184606552124,0.26803717017173767
Dataset\pred\BK_ORV_2010121817463027.npz,0,404.8276672363281,614.7258911132812,3720.04541015625,0.7732662580139074,0.8132038888998229,0.8132115997019516,0.4689960479736328,0.5171101093292236,0.2819772107205906,0.4689960181713104,0.5171101093292236
Dataset\pred\BK_ORV_2010121817463027.npz,1,404.8276672363281,614.7258911132812,3720.04541015625,0.7732662580139074,0.8132038888998229,0.8132115997019516,0.4689960479736328,0.5171101093292236,0.2819772107205906,0.4689960181713104,0.5171101093292236
Dataset\pred\BK_ORV_2010121817463027.npz,2,404.8276672363281,614.7258911132812,3720.04541015625,0.7732662580139074,0.8132038888998229,0.8132115997019516,0.4689960479736328,0.5171101093292236,0.2819772107205906,0.4689960181713104,0.5171101093292236
Dataset\pred\BK_ORV_2011020814244052.npz,0,74.2501220703125,129.5201416015625,1818.3309326171875,0.25240635570326386,0.9663283543163355,0.9680643251477927,0.36793220043182373,0.42090219259262085,0.4944631680308137,0.36793220043182373,0.42090219259262085
Dataset\pred\BK_ORV_2011020814244052.npz,1,74.2501220703125,129.5201416015625,1818.3309326171875,0.25240635570326386,0.9663283543163355,0.9680643251477927,0.36793220043182373,0.42090219259262085,0.4944631680308137,0.36793220043182373,0.42090219259262085
Dataset\pred\BK_ORV_2011020814244052.npz,2,74.2501220703125,129.5201416015625,1818.3309326171875,0.25240635570326386,0.9663283543163355,0.9680643251477927,0.36793220043182373,0.42090219259262085,0.4944631680308137,0.36793220043182373,0.42090219259262085
Dataset\pred\BK_ORV_2014012923371049.npz,0,56.45817565917969,84.12823486328125,659.078125,0.22246287683041616,0.9748472663151825,0.9749550947410123,0.3582088053226471,0.4318684935569763,0.5767934520943668,0.3582088053226471,0.4318684935569763
Dataset\pred\BK_ORV_2014012923371049.npz,1,56.45817565917969,84.12823486328125,659.078125,0.22246287683041616,0.9748472663151825,0.9749550947410123,0.3582088053226471,0.4318684935569763,0.5767934520943668,0.3582088053226471,0.4318684935569763
Dataset\pred\BK_ORV_2014012923371049.npz,2,56.45817565917969,84.12823486328125,659.078125,0.22246287683041616,0.9748472663151825,0.9749550947410123,0.3582088053226471,0.4318684935569763,0.5767934520943668,0.3582088053226471,0.4318684935569763
Dataset\pred\BK_OXMT_2013051604192801.npz,0,446.1833190917969,543.3428344726562,1327.80322265625,0.13765838886583318,0.9968391661512301,0.9976506120066446,0.4864863157272339,0.5698869824409485,0.39062750762317444,0.4864863157272339,0.5698869824409485
Dataset\pred\BK_OXMT_2013051604192801.npz,1,446.1833190917969,543.3428344726562,1327.80322265625,0.13765838886583318,0.9968391661512301,0.9976506120066446,0.4864863157272339,0.5698869824409485,0.39062750762317444,0.4864863157272339,0.5698869824409485
Dataset\pred\BK_OXMT_2013051604192801.npz,2,446.1833190917969,543.3428344726562,1327.80322265625,0.13765838886583318,0.9968391661512301,0.9976506120066446,0.4864863157272339,0.5698869824409485,0.39062750762317444,0.4864863157272339,0.5698869824409485
Dataset\pred\BK_PACP_2008010512113190.npz,0,792.5535278320312,1131.455810546875,8544.712890625,0.3470746932537483,0.9396929950618194,0.9397550344798784,0.18632102012634277,0.2401178926229477,0.851067244423046,0.18632102012634277,0.2401178777217865
Dataset\pred\BK_PACP_2008010512113190.npz,1,792.5535278320312,1131.455810546875,8544.712890625,0.3470746932537483,0.9396929950618194,0.9397550344798784,0.18632102012634277,0.2401178926229477,0.851067244423046,0.18632102012634277,0.2401178777217865
Dataset\pred\BK_PACP_2008010512113190.npz,2,792.5535278320312,1131.455810546875,8544.712890625,0.3470746932537483,0.9396929950618194,0.9397550344798784,0.18632102012634277,0.2401178926229477,0.851067244423046,0.18632102012634277,0.2401178777217865
Dataset\pred\BK_PKD_2007071406520897.npz,0,8.83768081665039,11.688359260559082,53.434234619140625,0.1818989681652384,0.99718931224145,0.9969239782787442,0.13244692981243134,0.1577477902173996,0.9943829240892312,0.13244692981243134,0.1577477902173996
Dataset\pred\BK_PKD_2007071406520897.npz,1,8.83768081665039,11.688359260559082,53.434234619140625,0.1818989681652384,0.99718931224145,0.9969239782787442,0.13244692981243134,0.1577477902173996,0.9943829240892312,0.13244692981243134,0.1577477902173996
Dataset\pred\BK_PKD_2007071406520897.npz,2,8.83768081665039,11.688359260559082,53.434234619140625,0.1818989681652384,0.99718931224145,0.9969239782787442,0.13244692981243134,0.1577477902173996,0.9943829240892312,0.13244692981243134,0.1577477902173996
Dataset\pred\BK_PKD_2014070221474270.npz,0,0.2083308845758438,0.4350087344646454,5.443948745727539,0.444524771743314,0.9019889369930834,0.9027434855219767,0.17511379718780518,0.2408183217048645,0.8308457711442786,0.17511379718780518,0.2408183366060257
Dataset\pred\BK_PKD_2014070221474270.npz,1,0.2083308845758438,0.4350087344646454,5.443948745727539,0.444524771743314,0.9019889369930834,0.9027434855219767,0.17511379718780518,0.2408183217048645,0.8308457711442786,0.17511379718780518,0.2408183366060257
Dataset\pred\BK_PKD_2014070221474270.npz,2,0.2083308845758438,0.4350087344646454,5.443948745727539,0.444524771743314,0.9019889369930834,0.9027434855219767,0.17511379718780518,0.2408183217048645,0.8308457711442786,0.17511379718780518,0.2408183366060257
Dataset\pred\BK_PKD_2015091715024616.npz,0,85.6761474609375,115.77326202392578,785.948974609375,0.16680289580706922,0.9911814709193271,0.9912327921434265,0.3623097836971283,0.4538258910179138,0.5652383245064998,0.3623097836971283,0.4538258910179138
Dataset\pred\BK_PKD_2015091715024616.npz,1,85.6761474609375,115.77326202392578,785.948974609375,0.16680289580706922,0.9911814709193271,0.9912327921434265,0.3623097836971283,0.4538258910179138,0.5652383245064998,0.3623097836971283,0.4538258910179138
Dataset\pred\BK_PKD_2015091715024616.npz,2,85.6761474609375,115.77326202392578,785.948974609375,0.16680289580706922,0.9911814709193271,0.9912327921434265,0.3623097836971283,0.4538258910179138,0.5652383245064998,0.3623097836971283,0.4538258910179138
Dataset\pred\BK_RAMR_2009082918085033.npz,0,70.1645278930664,106.7695541381836,799.4835815429688,0.2729820787249499,0.962098094592263,0.962127722458823,0.24963079392910004,0.314911425113678,0.731824747231584,0.24963079392910004,0.314911425113678
Dataset\pred\BK_RAMR_2009082918085033.npz,1,70.1645278930664,106.7695541381836,799.4835815429688,0.2729820787249499,0.962098094592263,0.962127722458823,0.24963079392910004,0.314911425113678,0.731824747231584,0.24963079392910004,0.314911425113678
Dataset\pred\BK_RAMR_2009082918085033.npz,2,70.1645278930664,106.7695541381836,799.4835815429688,0.2729820787249499,0.962098094592263,0.962127722458823,0.24963079392910004,0.314911425113678,0.731824747231584,0.24963079392910004,0.314911425113678
Dataset\pred\BK_SAO_2012040200312465.npz,0,648.5198974609375,815.7610473632812,2595.212890625,0.15263901435674967,0.9933777018555285,0.9931615358446472,0.2623143792152405,0.31821680068969727,0.7359974321938694,0.2623143792152405,0.31821680068969727
Dataset\pred\BK_SAO_2012040200312465.npz,1,648.5198974609375,815.7610473632812,2595.212890625,0.15263901435674967,0.9933777018555285,0.9931615358446472,0.2623143792152405,0.31821680068969727,0.7359974321938694,0.2623143792152405,0.31821680068969727
Dataset\pred\BK_SAO_2012040200312465.npz,2,648.5198974609375,815.7610473632812,2595.212890625,0.15263901435674967,0.9933777018555285,0.9931615358446472,0.2623143792152405,0.31821680068969727,0.7359974321938694,0.2623143792152405,0.31821680068969727
Dataset\pred\BK_SAO_2015111514365798.npz,0,660.846435546875,766.2167358398438,3032.30419921875,0.15754674084308137,0.9985332756330972,0.998140821461119,0.14401696622371674,0.16323222219944,0.9975926817525277,0.14401696622371674,0.16323222219944
Dataset\pred\BK_SAO_2015111514365798.npz,1,660.846435546875,766.2167358398438,3032.30419921875,0.15754674084308137,0.9985332756330972,0.998140821461119,0.14401696622371674,0.16323222219944,0.9975926817525277,0.14401696622371674,0.16323222219944
Dataset\pred\BK_SAO_2015111514365798.npz,2,660.846435546875,766.2167358398438,3032.30419921875,0.15754674084308137,0.9985332756330972,0.998140821461119,0.14401696622371674,0.16323222219944,0.9975926817525277,0.14401696622371674,0.16323222219944
Dataset\pred\BK_SCZ_2013072905105027.npz,0,179.62306213378906,217.7729034423828,981.987548828125,0.14052688489834583,0.9976599052423951,0.9974220104843909,0.10904549062252045,0.13858020305633545,0.9966297544535387,0.10904549062252045,0.13858018815517426
Dataset\pred\BK_SCZ_2013072905105027.npz,1,179.62306213378906,217.7729034423828,981.987548828125,0.14052688489834583,0.9976599052423951,0.9974220104843909,0.10904549062252045,0.13858020305633545,0.9966297544535387,0.10904549062252045,0.13858018815517426
Dataset\pred\BK_SCZ_2013072905105027.npz,2,179.62306213378906,217.7729034423828,981.987548828125,0.14052688489834583,0.9976599052423951,0.9974220104843909,0.10904549062252045,0.13858020305633545,0.9966297544535387,0.10904549062252045,0.13858018815517426
Dataset\pred\BK_SCZ_2013091204355669.npz,0,63.3838996887207,74.97584533691406,204.56951904296875,0.14931268976306492,0.9974276197279582,0.9973041500550034,0.17653174698352814,0.2043430358171463,0.9969507302198684,0.17653174698352814,0.2043430358171463
Dataset\pred\BK_SCZ_2013091204355669.npz,1,63.3838996887207,74.97584533691406,204.56951904296875,0.14931268976306492,0.9974276197279582,0.9973041500550034,0.17653174698352814,0.2043430358171463,0.9969507302198684,0.17653174698352814,0.2043430358171463
Dataset\pred\BK_SCZ_2013091204355669.npz,2,63.3838996887207,74.97584533691406,204.56951904296875,0.14931268976306492,0.9974276197279582,0.9973041500550034,0.17653174698352814,0.2043430358171463,0.9969507302198684,0.17653174698352814,0.2043430358171463
Dataset\pred\BK_SCZ_2014032703265477.npz,0,259.8743896484375,340.9737854003906,1218.53466796875,0.14897033530976625,0.998103857567059,0.9980933101962638,0.13624310493469238,0.16014321148395538,0.9972717059861981,0.1362430900335312,0.1601431965827942
Dataset\pred\BK_SCZ_2014032703265477.npz,1,259.8743896484375,340.9737854003906,1218.53466796875,0.14897033530976625,0.998103857567059,0.9980933101962638,0.13624310493469238,0.16014321148395538,0.9972717059861981,0.1362430900335312,0.1601431965827942
Dataset\pred\BK_SCZ_2014032703265477.npz,2,259.8743896484375,340.9737854003906,1218.53466796875,0.14897033530976625,0.998103857567059,0.9980933101962638,0.13624310493469238,0.16014321148395538,0.9972717059861981,0.1362430900335312,0.1601431965827942
Dataset\pred\BK_SCZ_2014050200233687.npz,0,256.95135498046875,446.9901123046875,5502.37451171875,0.685799775972412,0.8144429405407223,0.8144274367343808,0.3932795226573944,0.46153539419174194,0.48001925854597977,0.3932795226573944,0.46153539419174194
Dataset\pred\BK_SCZ_2014050200233687.npz,1,256.95135498046875,446.9901123046875,5502.37451171875,0.685799775972412,0.8144429405407223,0.8144274367343808,0.3932795226573944,0.46153539419174194,0.48001925854597977,0.3932795226573944,0.46153539419174194
Dataset\pred\BK_SCZ_2014050200233687.npz,2,256.95135498046875,446.9901123046875,5502.37451171875,0.685799775972412,0.8144429405407223,0.8144274367343808,0.3932795226573944,0.46153539419174194,0.48001925854597977,0.3932795226573944,0.46153539419174194
Dataset\pred\BK_SCZ_2014061422522505.npz,0,136.7657012939453,161.51666259765625,483.649169921875,0.15424943748625897,0.9982692798348524,0.9979879465383146,0.12085391581058502,0.1481848806142807,0.9964692665703739,0.12085390836000443,0.1481848806142807
Dataset\pred\BK_SCZ_2014061422522505.npz,1,136.7657012939453,161.51666259765625,483.649169921875,0.15424943748625897,0.9982692798348524,0.9979879465383146,0.12085391581058502,0.1481848806142807,0.9964692665703739,0.12085390836000443,0.1481848806142807
Dataset\pred\BK_SCZ_2014061422522505.npz,2,136.7657012939453,161.51666259765625,483.649169921875,0.15424943748625897,0.9982692798348524,0.9979879465383146,0.12085391581058502,0.1481848806142807,0.9964692665703739,0.12085390836000443,0.1481848806142807
Dataset\pred\BK_SCZ_2014070916054911.npz,0,125.8187255859375,158.02334594726562,470.365478515625,0.13414707203244683,0.9981317848299105,0.997735653888789,0.12537746131420135,0.17707180976867676,0.9075589792970631,0.12537744641304016,0.17707180976867676
Dataset\pred\BK_SCZ_2014070916054911.npz,1,125.8187255859375,158.02334594726562,470.365478515625,0.13414707203244683,0.9981317848299105,0.997735653888789,0.12537746131420135,0.17707180976867676,0.9075589792970631,0.12537744641304016,0.17707180976867676
Dataset\pred\BK_SCZ_2014070916054911.npz,2,125.8187255859375,158.02334594726562,470.365478515625,0.13414707203244683,0.9981317848299105,0.997735653888789,0.12537746131420135,0.17707180976867676,0.9075589792970631,0.12537744641304016,0.17707180976867676
Dataset\pred\BK_SCZ_2015033101222009.npz,0,197.925048828125,250.88633728027344,1116.5537109375,0.16405575611282547,0.993176182949385,0.9931676258771303,0.20629902184009552,0.2552502453327179,0.8570052961001444,0.20629900693893433,0.2552502453327179
Dataset\pred\BK_SCZ_2015033101222009.npz,1,197.925048828125,250.88633728027344,1116.5537109375,0.16405575611282547,0.993176182949385,0.9931676258771303,0.20629902184009552,0.2552502453327179,0.8570052961001444,0.20629900693893433,0.2552502453327179
Dataset\pred\BK_SCZ_2015033101222009.npz,2,197.925048828125,250.88633728027344,1116.5537109375,0.16405575611282547,0.993176182949385,0.9931676258771303,0.20629902184009552,0.2552502453327179,0.8570052961001444,0.20629900693893433,0.2552502453327179
Dataset\pred\BK_SCZ_2015073013192142.npz,0,0.9784252643585205,2.0767557621002197,25.215919494628906,3.8437220943245105,0.5697977115721017,0.5698080329844708,0.42313674092292786,0.4859044849872589,0.4201572781255015,0.42313674092292786,0.4859044849872589
Dataset\pred\BK_SCZ_2015073013192142.npz,1,0.9784252643585205,2.0767557621002197,25.215919494628906,3.8437220943245105,0.5697977115721017,0.5698080329844708,0.42313674092292786,0.4859044849872589,0.4201572781255015,0.42313674092292786,0.4859044849872589
Dataset\pred\BK_SCZ_2015073013192142.npz,2,0.9784252643585205,2.0767557621002197,25.215919494628906,3.8437220943245105,0.5697977115721017,0.5698080329844708,0.42313674092292786,0.4859044849872589,0.4201572781255015,0.42313674092292786,0.4859044849872589
Dataset\pred\BK_SCZ_2015110300244148.npz,0,212.45758056640625,246.9804229736328,683.364013671875,0.14404392529265408,0.9989740196504721,0.998500753969751,0.11651495099067688,0.14370135962963104,0.9939014604397368,0.11651495099067688,0.14370135962963104
Dataset\pred\BK_SCZ_2015110300244148.npz,1,212.45758056640625,246.9804229736328,683.364013671875,0.14404392529265408,0.9989740196504721,0.998500753969751,0.11651495099067688,0.14370135962963104,0.9939014604397368,0.11651495099067688,0.14370135962963104
Dataset\pred\BK_SCZ_2015110300244148.npz,2,212.45758056640625,246.9804229736328,683.364013671875,0.14404392529265408,0.9989740196504721,0.998500753969751,0.11651495099067688,0.14370135962963104,0.9939014604397368,0.11651495099067688,0.14370135962963104
Dataset\pred\BK_SCZ_2016102411020355.npz,0,234.39381408691406,277.0030822753906,742.25048828125,0.14950375751963904,0.9984901429231872,0.9981343174161358,0.1405247151851654,0.1594696342945099,0.9985556090515166,0.1405247151851654,0.1594696342945099
Dataset\pred\BK_SCZ_2016102411020355.npz,1,234.39381408691406,277.0030822753906,742.25048828125,0.14950375751963904,0.9984901429231872,0.9981343174161358,0.1405247151851654,0.1594696342945099,0.9985556090515166,0.1405247151851654,0.1594696342945099
Dataset\pred\BK_SCZ_2016102411020355.npz,2,234.39381408691406,277.0030822753906,742.25048828125,0.14950375751963904,0.9984901429231872,0.9981343174161358,0.1405247151851654,0.1594696342945099,0.9985556090515166,0.1405247151851654,0.1594696342945099
Dataset\pred\BK_SCZ_2017081022511241.npz,0,49.92887496948242,84.44509887695312,903.75244140625,0.3376140990222548,0.9350273195853221,0.9433851811693019,0.43359988927841187,0.4940239191055298,0.37538115872251643,0.43359994888305664,0.4940239191055298
Dataset\pred\BK_SCZ_2017081022511241.npz,1,49.92887496948242,84.44509887695312,903.75244140625,0.3376140990222548,0.9350273195853221,0.9433851811693019,0.43359988927841187,0.4940239191055298,0.37538115872251643,0.43359994888305664,0.4940239191055298
Dataset\pred\BK_SCZ_2017081022511241.npz,2,49.92887496948242,84.44509887695312,903.75244140625,0.3376140990222548,0.9350273195853221,0.9433851811693019,0.43359988927841187,0.4940239191055298,0.37538115872251643,0.43359994888305664,0.4940239191055298
Dataset\pred\BK_SCZ_2017112205523155.npz,0,112.65574645996094,217.01380920410156,2595.631591796875,0.3447014747421311,0.9381077367461038,0.9387285114425946,0.42690059542655945,0.4813992381095886,0.4021826352110416,0.42690059542655945,0.4813992381095886
Dataset\pred\BK_SCZ_2017112205523155.npz,1,112.65574645996094,217.01380920410156,2595.631591796875,0.3447014747421311,0.9381077367461038,0.9387285114425946,0.42690059542655945,0.4813992381095886,0.4021826352110416,0.42690059542655945,0.4813992381095886
Dataset\pred\BK_SCZ_2017112205523155.npz,2,112.65574645996094,217.01380920410156,2595.631591796875,0.3447014747421311,0.9381077367461038,0.9387285114425946,0.42690059542655945,0.4813992381095886,0.4021826352110416,0.42690059542655945,0.4813992381095886
Dataset\pred\BK_WENL_2015010711035475.npz,0,314.1436767578125,475.06304931640625,4724.1298828125,0.19264619001213742,0.9842017087010099,0.9834995637875027,0.21615903079509735,0.27415063977241516,0.835820895522388,0.21615903079509735,0.27415063977241516
Dataset\pred\BK_WENL_2015010711035475.npz,1,314.1436767578125,475.06304931640625,4724.1298828125,0.19264619001213742,0.9842017087010099,0.9834995637875027,0.21615903079509735,0.27415063977241516,0.835820895522388,0.21615903079509735,0.27415063977241516
Dataset\pred\BK_WENL_2015010711035475.npz,2,314.1436767578125,475.06304931640625,4724.1298828125,0.19264619001213742,0.9842017087010099,0.9834995637875027,0.21615903079509735,0.27415063977241516,0.835820895522388,0.21615903079509735,0.27415063977241516
Dataset\pred\BK_WENL_2015011504243565.npz,0,148.7510986328125,221.31027221679688,1504.72021484375,0.19354349104402804,0.9814682736823901,0.9812410481997758,0.26820674538612366,0.32880568504333496,0.7180227892794094,0.26820677518844604,0.32880568504333496
Dataset\pred\BK_WENL_2015011504243565.npz,1,148.7510986328125,221.31027221679688,1504.72021484375,0.19354349104402804,0.9814682736823901,0.9812410481997758,0.26820674538612366,0.32880568504333496,0.7180227892794094,0.26820677518844604,0.32880568504333496
Dataset\pred\BK_WENL_2015011504243565.npz,2,148.7510986328125,221.31027221679688,1504.72021484375,0.19354349104402804,0.9814682736823901,0.9812410481997758,0.26820674538612366,0.32880568504333496,0.7180227892794094,0.26820677518844604,0.32880568504333496
Dataset\pred\BK_WENL_2017091204302171.npz,0,199.51412963867188,340.05987548828125,4458.224609375,0.3299944371338685,0.9347443339017013,0.9443158168687338,0.21529559791088104,0.2603128254413605,0.8443267533301235,0.21529559791088104,0.2603128254413605
Dataset\pred\BK_WENL_2017091204302171.npz,1,199.51412963867188,340.05987548828125,4458.224609375,0.3299944371338685,0.9347443339017013,0.9443158168687338,0.21529559791088104,0.2603128254413605,0.8443267533301235,0.21529559791088104,0.2603128254413605
Dataset\pred\BK_WENL_2017091204302171.npz,2,199.51412963867188,340.05987548828125,4458.224609375,0.3299944371338685,0.9347443339017013,0.9443158168687338,0.21529559791088104,0.2603128254413605,0.8443267533301235,0.21529559791088104,0.2603128254413605
Dataset\pred\CI_MLAC_2017080404320275.npz,0,1.3302638530731201,2.316727876663208,12.060324668884277,0.45476705823421104,0.8962796020856955,0.898293208314119,0.25198376178741455,0.3291403353214264,0.7481945113143957,0.25198379158973694,0.3291403353214264
Dataset\pred\CI_MLAC_2017080404320275.npz,1,1.3302638530731201,2.316727876663208,12.060324668884277,0.45476705823421104,0.8962796020856955,0.898293208314119,0.25198376178741455,0.3291403353214264,0.7481945113143957,0.25198379158973694,0.3291403353214264
Dataset\pred\CI_MLAC_2017080404320275.npz,2,1.3302638530731201,2.316727876663208,12.060324668884277,0.45476705823421104,0.8962796020856955,0.898293208314119,0.25198376178741455,0.3291403353214264,0.7481945113143957,0.25198379158973694,0.3291403353214264
Dataset\pred\NC_BBGB_2013121418425396.npz,0,102.37094116210938,128.73968505859375,610.8062133789062,0.1929371662422221,0.986847865511304,0.986719934299904,0.24914176762104034,0.2989610433578491,0.7392071898571658,0.24914178252220154,0.2989610433578491
Dataset\pred\NC_BBGB_2013121418425396.npz,1,102.37094116210938,128.73968505859375,610.8062133789062,0.1929371662422221,0.986847865511304,0.986719934299904,0.24914176762104034,0.2989610433578491,0.7392071898571658,0.24914178252220154,0.2989610433578491
Dataset\pred\NC_BBGB_2013121418425396.npz,2,102.37094116210938,128.73968505859375,610.8062133789062,0.1929371662422221,0.986847865511304,0.986719934299904,0.24914176762104034,0.2989610433578491,0.7392071898571658,0.24914178252220154,0.2989610433578491
Dataset\pred\NC_BBGB_2017120708503168.npz,0,1.6046007871627808,5.217986583709717,163.27374267578125,0.6619578396752979,0.7910531812984084,0.7948190670928373,0.139146089553833,0.19283291697502136,0.9070775156475686,0.139146089553833,0.19283291697502136
Dataset\pred\NC_BBGB_2017120708503168.npz,1,1.6046007871627808,5.217986583709717,163.27374267578125,0.6619578396752979,0.7910531812984084,0.7948190670928373,0.139146089553833,0.19283291697502136,0.9070775156475686,0.139146089553833,0.19283291697502136
Dataset\pred\NC_BBGB_2017120708503168.npz,2,1.6046007871627808,5.217986583709717,163.27374267578125,0.6619578396752979,0.7910531812984084,0.7948190670928373,0.139146089553833,0.19283291697502136,0.9070775156475686,0.139146089553833,0.19283291697502136
Dataset\pred\NC_BJOB_2011072807480392.npz,0,4.515596866607666,7.300509929656982,55.24327087402344,0.4860969156929053,0.8763109601618353,0.8750608953117253,0.4684126377105713,0.521022617816925,0.2940138019579522,0.4684126377105713,0.521022617816925
Dataset\pred\NC_BJOB_2011072807480392.npz,1,4.515596866607666,7.300509929656982,55.24327087402344,0.4860969156929053,0.8763109601618353,0.8750608953117253,0.4684126377105713,0.521022617816925,0.2940138019579522,0.4684126377105713,0.521022617816925
Dataset\pred\NC_BJOB_2011072807480392.npz,2,4.515596866607666,7.300509929656982,55.24327087402344,0.4860969156929053,0.8763109601618353,0.8750608953117253,0.4684126377105713,0.521022617816925,0.2940138019579522,0.4684126377105713,0.521022617816925
Dataset\pred\NC_BJOB_2011102813203872.npz,0,0.8883569240570068,1.3376628160476685,11.926857948303223,0.2982192850868604,0.9564514487102207,0.9564731379349297,0.18079963326454163,0.23468509316444397,0.8268335740651581,0.18079963326454163,0.23468509316444397
Dataset\pred\NC_BJOB_2011102813203872.npz,1,0.8883569240570068,1.3376628160476685,11.926857948303223,0.2982192850868604,0.9564514487102207,0.9564731379349297,0.18079963326454163,0.23468509316444397,0.8268335740651581,0.18079963326454163,0.23468509316444397
Dataset\pred\NC_BJOB_2011102813203872.npz,2,0.8883569240570068,1.3376628160476685,11.926857948303223,0.2982192850868604,0.9564514487102207,0.9564731379349297,0.18079963326454163,0.23468509316444397,0.8268335740651581,0.18079963326454163,0.23468509316444397
Dataset\pred\NC_BJOB_2012091321242039.npz,0,1.2501147985458374,2.1826634407043457,22.88644027709961,0.5514002563745619,0.8751599287656158,0.8761023298384633,0.19755886495113373,0.25647440552711487,0.7091959557053442,0.19755883514881134,0.2564743757247925
Dataset\pred\NC_BJOB_2012091321242039.npz,1,1.2501147985458374,2.1826634407043457,22.88644027709961,0.5514002563745619,0.8751599287656158,0.8761023298384633,0.19755886495113373,0.25647440552711487,0.7091959557053442,0.19755883514881134,0.2564743757247925
Dataset\pred\NC_BJOB_2012091321242039.npz,2,1.2501147985458374,2.1826634407043457,22.88644027709961,0.5514002563745619,0.8751599287656158,0.8761023298384633,0.19755886495113373,0.25647440552711487,0.7091959557053442,0.19755883514881134,0.2564743757247925
Dataset\pred\NC_BJOB_2014122917590666.npz,0,3.3501412868499756,6.716072082519531,70.2315902709961,0.7696235126833936,0.7835121883144267,0.7833520138487469,0.3580460250377655,0.41250717639923096,0.5321778205745467,0.3580460250377655,0.41250717639923096
Dataset\pred\NC_BJOB_2014122917590666.npz,1,3.3501412868499756,6.716072082519531,70.2315902709961,0.7696235126833936,0.7835121883144267,0.7833520138487469,0.3580460250377655,0.41250717639923096,0.5321778205745467,0.3580460250377655,0.41250717639923096
Dataset\pred\NC_BJOB_2014122917590666.npz,2,3.3501412868499756,6.716072082519531,70.2315902709961,0.7696235126833936,0.7835121883144267,0.7833520138487469,0.3580460250377655,0.41250717639923096,0.5321778205745467,0.3580460250377655,0.41250717639923096
Dataset\pred\NC_CAL_2010101008505102.npz,0,1.4990546703338623,2.072587490081787,10.364306449890137,0.18574134496352715,0.9901808564439586,0.9906608827956565,0.10987477749586105,0.15341006219387054,0.9508907077515648,0.10987477004528046,0.15341006219387054
Dataset\pred\NC_CAL_2010101008505102.npz,1,1.4990546703338623,2.072587490081787,10.364306449890137,0.18574134496352715,0.9901808564439586,0.9906608827956565,0.10987477749586105,0.15341006219387054,0.9508907077515648,0.10987477004528046,0.15341006219387054
Dataset\pred\NC_CAL_2010101008505102.npz,2,1.4990546703338623,2.072587490081787,10.364306449890137,0.18574134496352715,0.9901808564439586,0.9906608827956565,0.10987477749586105,0.15341006219387054,0.9508907077515648,0.10987477004528046,0.15341006219387054
Dataset\pred\NC_CBR_2015110113564814.npz,0,0.7724032998085022,1.7025669813156128,33.463714599609375,0.5605162306886974,0.8241385483534467,0.8311917651292036,0.19784198701381683,0.25173279643058777,0.8724121328839672,0.19784198701381683,0.25173279643058777
Dataset\pred\NC_CBR_2015110113564814.npz,1,0.7724032998085022,1.7025669813156128,33.463714599609375,0.5605162306886974,0.8241385483534467,0.8311917651292036,0.19784198701381683,0.25173279643058777,0.8724121328839672,0.19784198701381683,0.25173279643058777
Dataset\pred\NC_CBR_2015110113564814.npz,2,0.7724032998085022,1.7025669813156128,33.463714599609375,0.5605162306886974,0.8241385483534467,0.8311917651292036,0.19784198701381683,0.25173279643058777,0.8724121328839672,0.19784198701381683,0.25173279643058777
Dataset\pred\NC_GDXB_2012122400295256.npz,0,83.62954711914062,102.89669799804688,481.171630859375,0.15025136985388365,0.9984334239567655,0.998302896705585,0.15991750359535217,0.18449567258358002,0.9971112181030333,0.15991748869419098,0.1844956874847412
Dataset\pred\NC_GDXB_2012122400295256.npz,1,83.62954711914062,102.89669799804688,481.171630859375,0.15025136985388365,0.9984334239567655,0.998302896705585,0.15991750359535217,0.18449567258358002,0.9971112181030333,0.15991748869419098,0.1844956874847412
Dataset\pred\NC_GDXB_2012122400295256.npz,2,83.62954711914062,102.89669799804688,481.171630859375,0.15025136985388365,0.9984334239567655,0.998302896705585,0.15991750359535217,0.18449567258358002,0.9971112181030333,0.15991748869419098,0.1844956874847412
Dataset\pred\NC_KCT_2005062422193965.npz,0,160.3602752685547,214.29373168945312,872.1695556640625,0.20243883352838846,0.990187486161178,0.9900432450988836,0.16405902802944183,0.22493012249469757,0.8866955544856363,0.16405902802944183,0.22493012249469757
Dataset\pred\NC_KCT_2005062422193965.npz,1,160.3602752685547,214.29373168945312,872.1695556640625,0.20243883352838846,0.990187486161178,0.9900432450988836,0.16405902802944183,0.22493012249469757,0.8866955544856363,0.16405902802944183,0.22493012249469757
Dataset\pred\NC_KCT_2005062422193965.npz,2,160.3602752685547,214.29373168945312,872.1695556640625,0.20243883352838846,0.990187486161178,0.9900432450988836,0.16405902802944183,0.22493012249469757,0.8866955544856363,0.16405902802944183,0.22493012249469757
Dataset\pred\NC_KCT_2008110522325440.npz,0,4.024842262268066,5.716588497161865,32.562530517578125,0.4724580111164814,0.9016556127026653,0.9016543503166795,0.3097924292087555,0.35422083735466003,0.7843042850264805,0.3097923994064331,0.35422083735466003
Dataset\pred\NC_KCT_2008110522325440.npz,1,4.024842262268066,5.716588497161865,32.562530517578125,0.4724580111164814,0.9016556127026653,0.9016543503166795,0.3097924292087555,0.35422083735466003,0.7843042850264805,0.3097923994064331,0.35422083735466003
Dataset\pred\NC_KCT_2008110522325440.npz,2,4.024842262268066,5.716588497161865,32.562530517578125,0.4724580111164814,0.9016556127026653,0.9016543503166795,0.3097924292087555,0.35422083735466003,0.7843042850264805,0.3097923994064331,0.35422083735466003
Dataset\pred\NC_KCT_2010071802442206.npz,0,11.171533584594727,15.483949661254883,90.4640121459961,0.40397326560480334,0.9355057621617208,0.9355041949156315,0.3000277280807495,0.3536283075809479,0.77130476649013,0.3000276982784271,0.3536283075809479
Dataset\pred\NC_KCT_2010071802442206.npz,1,11.171533584594727,15.483949661254883,90.4640121459961,0.40397326560480334,0.9355057621617208,0.9355041949156315,0.3000277280807495,0.3536283075809479,0.77130476649013,0.3000276982784271,0.3536283075809479
Dataset\pred\NC_KCT_2010071802442206.npz,2,11.171533584594727,15.483949661254883,90.4640121459961,0.40397326560480334,0.9355057621617208,0.9355041949156315,0.3000277280807495,0.3536283075809479,0.77130476649013,0.3000276982784271,0.3536283075809479
Dataset\pred\NC_KHBB_2004042406394092.npz,0,1.1650203466415405,2.0396087169647217,23.823244094848633,0.5587848200273573,0.8448995762733242,0.844646959176332,0.21464231610298157,0.2774665653705597,0.7311827956989247,0.21464233100414276,0.2774665355682373
Dataset\pred\NC_KHBB_2004042406394092.npz,1,1.1650203466415405,2.0396087169647217,23.823244094848633,0.5587848200273573,0.8448995762733242,0.844646959176332,0.21464231610298157,0.2774665653705597,0.7311827956989247,0.21464233100414276,0.2774665355682373
Dataset\pred\NC_KHBB_2004042406394092.npz,2,1.1650203466415405,2.0396087169647217,23.823244094848633,0.5587848200273573,0.8448995762733242,0.844646959176332,0.21464231610298157,0.2774665653705597,0.7311827956989247,0.21464233100414276,0.2774665355682373
Dataset\pred\NC_KHBB_2014031009574953.npz,0,36.62116622924805,47.509925842285156,190.67196655273438,0.18730368086580854,0.9887943136973202,0.9887163520534626,0.19520682096481323,0.24190863966941833,0.8817204301075269,0.19520682096481323,0.24190863966941833
Dataset\pred\NC_KHBB_2014031009574953.npz,1,36.62116622924805,47.509925842285156,190.67196655273438,0.18730368086580854,0.9887943136973202,0.9887163520534626,0.19520682096481323,0.24190863966941833,0.8817204301075269,0.19520682096481323,0.24190863966941833
Dataset\pred\NC_KHBB_2014031009574953.npz,2,36.62116622924805,47.509925842285156,190.67196655273438,0.18730368086580854,0.9887943136973202,0.9887163520534626,0.19520682096481323,0.24190863966941833,0.8817204301075269,0.19520682096481323,0.24190863966941833
Dataset\pred\NC_KMPB_2016100612020251.npz,0,2.8079349994659424,5.917294979095459,66.99202728271484,0.6983362656914365,0.805822838374504,0.806014673000879,0.21235810220241547,0.27895206212997437,0.7539720751083293,0.21235808730125427,0.27895206212997437
Dataset\pred\NC_KMPB_2016100612020251.npz,1,2.8079349994659424,5.917294979095459,66.99202728271484,0.6983362656914365,0.805822838374504,0.806014673000879,0.21235810220241547,0.27895206212997437,0.7539720751083293,0.21235808730125427,0.27895206212997437
Dataset\pred\NC_KMPB_2016100612020251.npz,2,2.8079349994659424,5.917294979095459,66.99202728271484,0.6983362656914365,0.805822838374504,0.806014673000879,0.21235810220241547,0.27895206212997437,0.7539720751083293,0.21235808730125427,0.27895206212997437
Dataset\pred\NC_LDH_2009091323263560.npz,0,51.23503494262695,67.64842987060547,399.245361328125,0.1809879331622951,0.9850250146759444,0.9848613240698699,0.2153877466917038,0.29004836082458496,0.7738725726207671,0.2153877466917038,0.29004836082458496
Dataset\pred\NC_LDH_2009091323263560.npz,1,51.23503494262695,67.64842987060547,399.245361328125,0.1809879331622951,0.9850250146759444,0.9848613240698699,0.2153877466917038,0.29004836082458496,0.7738725726207671,0.2153877466917038,0.29004836082458496
Dataset\pred\NC_LDH_2009091323263560.npz,2,51.23503494262695,67.64842987060547,399.245361328125,0.1809879331622951,0.9850250146759444,0.9848613240698699,0.2153877466917038,0.29004836082458496,0.7738725726207671,0.2153877466917038,0.29004836082458496
Dataset\pred\NC_LDH_2017020302203773.npz,0,78.9954833984375,99.87615203857422,365.2896728515625,0.126292667741205,0.9979138700353556,0.997851134412174,0.12706661224365234,0.1735953688621521,0.9114106884930188,0.12706661224365234,0.1735953688621521
Dataset\pred\NC_LDH_2017020302203773.npz,1,78.9954833984375,99.87615203857422,365.2896728515625,0.126292667741205,0.9979138700353556,0.997851134412174,0.12706661224365234,0.1735953688621521,0.9114106884930188,0.12706661224365234,0.1735953688621521
Dataset\pred\NC_LDH_2017020302203773.npz,2,78.9954833984375,99.87615203857422,365.2896728515625,0.126292667741205,0.9979138700353556,0.997851134412174,0.12706661224365234,0.1735953688621521,0.9114106884930188,0.12706661224365234,0.1735953688621521
Dataset\pred\NC_MDPB_2009072905275395.npz,0,29.705657958984375,41.7473258972168,451.8912658691406,0.3142321463056738,0.9182827413620317,0.9516161641861733,0.22932235896587372,0.28801509737968445,0.8494623655913979,0.2293223738670349,0.28801509737968445
Dataset\pred\NC_MDPB_2009072905275395.npz,1,29.705657958984375,41.7473258972168,451.8912658691406,0.3142321463056738,0.9182827413620317,0.9516161641861733,0.22932235896587372,0.28801509737968445,0.8494623655913979,0.2293223738670349,0.28801509737968445
Dataset\pred\NC_MDPB_2009072905275395.npz,2,29.705657958984375,41.7473258972168,451.8912658691406,0.3142321463056738,0.9182827413620317,0.9516161641861733,0.22932235896587372,0.28801509737968445,0.8494623655913979,0.2293223738670349,0.28801509737968445
Dataset\pred\NC_MDPB_2010111404344878.npz,0,24.127992630004883,36.920040130615234,460.19818115234375,0.19487261120122507,0.9831599844186196,0.9830571940762831,0.1913788616657257,0.2559112310409546,0.804525758305248,0.1913788616657257,0.2559112310409546
Dataset\pred\NC_MDPB_2010111404344878.npz,1,24.127992630004883,36.920040130615234,460.19818115234375,0.19487261120122507,0.9831599844186196,0.9830571940762831,0.1913788616657257,0.2559112310409546,0.804525758305248,0.1913788616657257,0.2559112310409546
Dataset\pred\NC_MDPB_2010111404344878.npz,2,24.127992630004883,36.920040130615234,460.19818115234375,0.19487261120122507,0.9831599844186196,0.9830571940762831,0.1913788616657257,0.2559112310409546,0.804525758305248,0.1913788616657257,0.2559112310409546
Dataset\pred\NC_MDPB_2014112407532311.npz,0,0.8185779452323914,1.736419677734375,27.596059799194336,0.4208279902530603,0.9076035051346353,0.907564057571604,0.13081908226013184,0.1729484647512436,0.9109292248435243,0.13081908226013184,0.1729484647512436
Dataset\pred\NC_MDPB_2014112407532311.npz,1,0.8185779452323914,1.736419677734375,27.596059799194336,0.4208279902530603,0.9076035051346353,0.907564057571604,0.13081908226013184,0.1729484647512436,0.9109292248435243,0.13081908226013184,0.1729484647512436
Dataset\pred\NC_MDPB_2014112407532311.npz,2,0.8185779452323914,1.736419677734375,27.596059799194336,0.4208279902530603,0.9076035051346353,0.907564057571604,0.13081908226013184,0.1729484647512436,0.9109292248435243,0.13081908226013184,0.1729484647512436
Dataset\pred\NC_MDPB_2016072208580623.npz,0,17.11481285095215,26.99645233154297,167.1118621826172,0.34167241613717947,0.9371251261423138,0.9398211870744192,0.2487894892692566,0.3086985647678375,0.8115872251645001,0.24878950417041779,0.3086985945701599
Dataset\pred\NC_MDPB_2016072208580623.npz,1,17.11481285095215,26.99645233154297,167.1118621826172,0.34167241613717947,0.9371251261423138,0.9398211870744192,0.2487894892692566,0.3086985647678375,0.8115872251645001,0.24878950417041779,0.3086985945701599
Dataset\pred\NC_MDPB_2016072208580623.npz,2,17.11481285095215,26.99645233154297,167.1118621826172,0.34167241613717947,0.9371251261423138,0.9398211870744192,0.2487894892692566,0.3086985647678375,0.8115872251645001,0.24878950417041779,0.3086985945701599
Dataset\pred\NC_MINS_2011110418424218.npz,0,0.4338950216770172,0.6778109073638916,6.84604549407959,0.2640396448100063,0.9381324080951124,0.9647032575600006,0.19829323887825012,0.26657313108444214,0.8722516450008024,0.19829323887825012,0.26657313108444214
Dataset\pred\NC_MINS_2011110418424218.npz,1,0.4338950216770172,0.6778109073638916,6.84604549407959,0.2640396448100063,0.9381324080951124,0.9647032575600006,0.19829323887825012,0.26657313108444214,0.8722516450008024,0.19829323887825012,0.26657313108444214
Dataset\pred\NC_MINS_2011110418424218.npz,2,0.4338950216770172,0.6778109073638916,6.84604549407959,0.2640396448100063,0.9381324080951124,0.9647032575600006,0.19829323887825012,0.26657313108444214,0.8722516450008024,0.19829323887825012,0.26657313108444214
Dataset\pred\NC_MINS_2012102912170533.npz,0,0.47196611762046814,0.7409313917160034,7.692934036254883,0.21174000967457998,0.9772544660999439,0.9773820100887988,0.11814028024673462,0.14988450706005096,0.8436848017974643,0.11814027279615402,0.14988450706005096
Dataset\pred\NC_MINS_2012102912170533.npz,1,0.47196611762046814,0.7409313917160034,7.692934036254883,0.21174000967457998,0.9772544660999439,0.9773820100887988,0.11814028024673462,0.14988450706005096,0.8436848017974643,0.11814027279615402,0.14988450706005096
Dataset\pred\NC_MINS_2012102912170533.npz,2,0.47196611762046814,0.7409313917160034,7.692934036254883,0.21174000967457998,0.9772544660999439,0.9773820100887988,0.11814028024673462,0.14988450706005096,0.8436848017974643,0.11814027279615402,0.14988450706005096
Dataset\pred\NC_MINS_2012121420350208.npz,0,1.0178475379943848,1.8714942932128906,19.544269561767578,0.46817269023827024,0.8978769796608543,0.9059232878307044,0.28078344464302063,0.3579951524734497,0.7761194029850746,0.28078341484069824,0.3579951524734497
Dataset\pred\NC_MINS_2012121420350208.npz,1,1.0178475379943848,1.8714942932128906,19.544269561767578,0.46817269023827024,0.8978769796608543,0.9059232878307044,0.28078344464302063,0.3579951524734497,0.7761194029850746,0.28078341484069824,0.3579951524734497
Dataset\pred\NC_MINS_2012121420350208.npz,2,1.0178475379943848,1.8714942932128906,19.544269561767578,0.46817269023827024,0.8978769796608543,0.9059232878307044,0.28078344464302063,0.3579951524734497,0.7761194029850746,0.28078341484069824,0.3579951524734497
Dataset\pred\NC_MINS_2013010905372345.npz,0,0.4968699812889099,0.7619135975837708,5.759151458740234,0.6273316658349819,0.8920408743905587,0.8924260376701972,0.24759608507156372,0.32083022594451904,0.596372973840475,0.24759608507156372,0.32083022594451904
Dataset\pred\NC_MINS_2013010905372345.npz,1,0.4968699812889099,0.7619135975837708,5.759151458740234,0.6273316658349819,0.8920408743905587,0.8924260376701972,0.24759608507156372,0.32083022594451904,0.596372973840475,0.24759608507156372,0.32083022594451904
Dataset\pred\NC_MINS_2013010905372345.npz,2,0.4968699812889099,0.7619135975837708,5.759151458740234,0.6273316658349819,0.8920408743905587,0.8924260376701972,0.24759608507156372,0.32083022594451904,0.596372973840475,0.24759608507156372,0.32083022594451904
Dataset\pred\NC_MINS_2013060711213297.npz,0,0.2482600063085556,0.38576453924179077,5.460934638977051,0.2644858373869682,0.9674932155140304,0.9684134063849987,0.15466128289699554,0.19416655600070953,0.908521906596052,0.15466126799583435,0.19416655600070953
Dataset\pred\NC_MINS_2013060711213297.npz,1,0.2482600063085556,0.38576453924179077,5.460934638977051,0.2644858373869682,0.9674932155140304,0.9684134063849987,0.15466128289699554,0.19416655600070953,0.908521906596052,0.15466126799583435,0.19416655600070953
Dataset\pred\NC_MINS_2013060711213297.npz,2,0.2482600063085556,0.38576453924179077,5.460934638977051,0.2644858373869682,0.9674932155140304,0.9684134063849987,0.15466128289699554,0.19416655600070953,0.908521906596052,0.15466126799583435,0.19416655600070953
Dataset\pred\NC_MINS_2017112018015036.npz,0,0.4859350323677063,0.9786003828048706,7.987034797668457,0.38692596630994064,0.9361831728901515,0.9364190186296457,0.17839272320270538,0.2383350133895874,0.8560423688011555,0.17839273810386658,0.2383350431919098
Dataset\pred\NC_MINS_2017112018015036.npz,1,0.4859350323677063,0.9786003828048706,7.987034797668457,0.38692596630994064,0.9361831728901515,0.9364190186296457,0.17839272320270538,0.2383350133895874,0.8560423688011555,0.17839273810386658,0.2383350431919098
Dataset\pred\NC_MINS_2017112018015036.npz,2,0.4859350323677063,0.9786003828048706,7.987034797668457,0.38692596630994064,0.9361831728901515,0.9364190186296457,0.17839272320270538,0.2383350133895874,0.8560423688011555,0.17839273810386658,0.2383350431919098
Dataset\pred\NC_PSM_2009100222252335.npz,0,0.7502661347389221,1.5809507369995117,16.930164337158203,0.543716254320338,0.8649255846833463,0.8650702311746904,0.13977760076522827,0.1859055906534195,0.9054726368159204,0.13977760076522827,0.1859055906534195
Dataset\pred\NC_PSM_2009100222252335.npz,1,0.7502661347389221,1.5809507369995117,16.930164337158203,0.543716254320338,0.8649255846833463,0.8650702311746904,0.13977760076522827,0.1859055906534195,0.9054726368159204,0.13977760076522827,0.1859055906534195
Dataset\pred\NC_PSM_2009100222252335.npz,2,0.7502661347389221,1.5809507369995117,16.930164337158203,0.543716254320338,0.8649255846833463,0.8650702311746904,0.13977760076522827,0.1859055906534195,0.9054726368159204,0.13977760076522827,0.1859055906534195
Dataset\pred\NN_BEK_2013052622171622.npz,0,89.02460479736328,121.00932312011719,693.3992919921875,0.17486865188118517,0.971726247848651,0.9858919215751566,0.5230342149734497,0.5663585662841797,0.18841277483549992,0.5230342149734497,0.5663585662841797
Dataset\pred\NN_BEK_2013052622171622.npz,1,89.02460479736328,121.00932312011719,693.3992919921875,0.17486865188118517,0.971726247848651,0.9858919215751566,0.5230342149734497,0.5663585662841797,0.18841277483549992,0.5230342149734497,0.5663585662841797
Dataset\pred\NN_BEK_2013052622171622.npz,2,89.02460479736328,121.00932312011719,693.3992919921875,0.17486865188118517,0.971726247848651,0.9858919215751566,0.5230342149734497,0.5663585662841797,0.18841277483549992,0.5230342149734497,0.5663585662841797
Dataset\pred\NN_OMM_2002120208282726.npz,0,50.14010238647461,76.98004150390625,748.059326171875,0.35999123360240076,0.9245349132679342,0.9330368127520502,0.33056557178497314,0.4269956052303314,0.629593965655593,0.33056557178497314,0.4269956052303314
Dataset\pred\NN_OMM_2002120208282726.npz,1,50.14010238647461,76.98004150390625,748.059326171875,0.35999123360240076,0.9245349132679342,0.9330368127520502,0.33056557178497314,0.4269956052303314,0.629593965655593,0.33056557178497314,0.4269956052303314
Dataset\pred\NN_OMM_2002120208282726.npz,2,50.14010238647461,76.98004150390625,748.059326171875,0.35999123360240076,0.9245349132679342,0.9330368127520502,0.33056557178497314,0.4269956052303314,0.629593965655593,0.33056557178497314,0.4269956052303314
Dataset\pred\NN_OMM_2004092114280113.npz,0,321.5052185058594,326.2170715332031,538.330078125,0.16954800049699195,0.9287325714904138,0.9993911290360139,0.5922534465789795,0.662396252155304,0.24650938854116514,0.5922534465789795,0.662396252155304
Dataset\pred\NN_OMM_2004092114280113.npz,1,321.5052185058594,326.2170715332031,538.330078125,0.16954800049699195,0.9287325714904138,0.9993911290360139,0.5922534465789795,0.662396252155304,0.24650938854116514,0.5922534465789795,0.662396252155304
Dataset\pred\NN_OMM_2004092114280113.npz,2,321.5052185058594,326.2170715332031,538.330078125,0.16954800049699195,0.9287325714904138,0.9993911290360139,0.5922534465789795,0.662396252155304,0.24650938854116514,0.5922534465789795,0.662396252155304
Dataset\pred\NN_OMMB_2013122409150877.npz,0,24.687255859375,36.56608581542969,464.4906005859375,0.18866898443509822,0.9862097842065092,0.9859137482442842,0.3455764651298523,0.4037178158760071,0.49959878029208793,0.3455764651298523,0.4037178158760071
Dataset\pred\NN_OMMB_2013122409150877.npz,1,24.687255859375,36.56608581542969,464.4906005859375,0.18866898443509822,0.9862097842065092,0.9859137482442842,0.3455764651298523,0.4037178158760071,0.49959878029208793,0.3455764651298523,0.4037178158760071
Dataset\pred\NN_OMMB_2013122409150877.npz,2,24.687255859375,36.56608581542969,464.4906005859375,0.18866898443509822,0.9862097842065092,0.9859137482442842,0.3455764651298523,0.4037178158760071,0.49959878029208793,0.3455764651298523,0.4037178158760071
Dataset\pred\NN_OMMB_2014101423050448.npz,0,22.86780548095703,34.140052795410156,272.0137634277344,0.2978475956010836,0.9540710640209303,0.9548695142550926,0.26123493909835815,0.3404389023780823,0.7213930348258707,0.26123493909835815,0.3404388725757599
Dataset\pred\NN_OMMB_2014101423050448.npz,1,22.86780548095703,34.140052795410156,272.0137634277344,0.2978475956010836,0.9540710640209303,0.9548695142550926,0.26123493909835815,0.3404389023780823,0.7213930348258707,0.26123493909835815,0.3404388725757599
Dataset\pred\NN_OMMB_2014101423050448.npz,2,22.86780548095703,34.140052795410156,272.0137634277344,0.2978475956010836,0.9540710640209303,0.9548695142550926,0.26123493909835815,0.3404389023780823,0.7213930348258707,0.26123493909835815,0.3404388725757599
Dataset\pred\NP_PLA_2014092811435766_01.npz,0,404.076416015625,699.6446533203125,8827.85546875,0.1939615322806932,0.976485855760638,0.9818412479249452,0.3055731952190399,0.37609606981277466,0.5710158883004334,0.3055731952190399,0.37609606981277466
Dataset\pred\NP_PLA_2014092811435766_01.npz,1,404.076416015625,699.6446533203125,8827.85546875,0.1939615322806932,0.976485855760638,0.9818412479249452,0.3055731952190399,0.37609606981277466,0.5710158883004334,0.3055731952190399,0.37609606981277466
Dataset\pred\NP_PLA_2014092811435766_01.npz,2,404.076416015625,699.6446533203125,8827.85546875,0.1939615322806932,0.976485855760638,0.9818412479249452,0.3055731952190399,0.37609606981277466,0.5710158883004334,0.3055731952190399,0.37609606981277466
Dataset\pred\PG_CSD_2014043008302749.npz,0,0.8525820374488831,1.1559858322143555,8.149051666259766,0.28572884448520597,0.9602307380731755,0.96362766116967,0.18345659971237183,0.23937171697616577,0.9008184882041406,0.18345659971237183,0.23937171697616577
Dataset\pred\PG_CSD_2014043008302749.npz,1,0.8525820374488831,1.1559858322143555,8.149051666259766,0.28572884448520597,0.9602307380731755,0.96362766116967,0.18345659971237183,0.23937171697616577,0.9008184882041406,0.18345659971237183,0.23937171697616577
Dataset\pred\PG_CSD_2014043008302749.npz,2,0.8525820374488831,1.1559858322143555,8.149051666259766,0.28572884448520597,0.9602307380731755,0.96362766116967,0.18345659971237183,0.23937171697616577,0.9008184882041406,0.18345659971237183,0.23937171697616577
Dataset\pred\PG_CSD_2015040705083849.npz,0,0.7416837811470032,1.127010464668274,12.978796005249023,0.23171159712186043,0.9765247193626811,0.9780520373787929,0.13244161009788513,0.17332841455936432,0.9256941100946878,0.13244161009788513,0.17332841455936432
Dataset\pred\PG_CSD_2015040705083849.npz,1,0.7416837811470032,1.127010464668274,12.978796005249023,0.23171159712186043,0.9765247193626811,0.9780520373787929,0.13244161009788513,0.17332841455936432,0.9256941100946878,0.13244161009788513,0.17332841455936432
Dataset\pred\PG_CSD_2015040705083849.npz,2,0.7416837811470032,1.127010464668274,12.978796005249023,0.23171159712186043,0.9765247193626811,0.9780520373787929,0.13244161009788513,0.17332841455936432,0.9256941100946878,0.13244161009788513,0.17332841455936432
Dataset\pred\PG_LM_2005050120452504.npz,0,1.5363781452178955,2.076338529586792,9.170714378356934,0.3047340482512342,0.9668196251534613,0.9660749184863584,0.21163338422775269,0.2529982924461365,0.8343765045739047,0.2116333693265915,0.2529982924461365
Dataset\pred\PG_LM_2005050120452504.npz,1,1.5363781452178955,2.076338529586792,9.170714378356934,0.3047340482512342,0.9668196251534613,0.9660749184863584,0.21163338422775269,0.2529982924461365,0.8343765045739047,0.2116333693265915,0.2529982924461365
Dataset\pred\PG_LM_2005050120452504.npz,2,1.5363781452178955,2.076338529586792,9.170714378356934,0.3047340482512342,0.9668196251534613,0.9660749184863584,0.21163338422775269,0.2529982924461365,0.8343765045739047,0.2116333693265915,0.2529982924461365
Dataset\pred\PG_PB_2005060204002422.npz,0,15.290641784667969,19.912979125976562,76.5820541381836,0.25807325957302857,0.9832215915414338,0.9832182015703672,0.24607272446155548,0.30293700098991394,0.7879955063392714,0.24607272446155548,0.30293700098991394
Dataset\pred\PG_PB_2005060204002422.npz,1,15.290641784667969,19.912979125976562,76.5820541381836,0.25807325957302857,0.9832215915414338,0.9832182015703672,0.24607272446155548,0.30293700098991394,0.7879955063392714,0.24607272446155548,0.30293700098991394
Dataset\pred\PG_PB_2005060204002422.npz,2,15.290641784667969,19.912979125976562,76.5820541381836,0.25807325957302857,0.9832215915414338,0.9832182015703672,0.24607272446155548,0.30293700098991394,0.7879955063392714,0.24607272446155548,0.30293700098991394
Dataset\pred\PG_PBD_2013031313150310.npz,0,1.4342095851898193,2.306795358657837,22.033451080322266,0.2413910878406451,0.9714075594329485,0.971341183604341,0.14324887096881866,0.18410618603229523,0.8876584817846253,0.14324887096881866,0.18410618603229523
Dataset\pred\PG_PBD_2013031313150310.npz,1,1.4342095851898193,2.306795358657837,22.033451080322266,0.2413910878406451,0.9714075594329485,0.971341183604341,0.14324887096881866,0.18410618603229523,0.8876584817846253,0.14324887096881866,0.18410618603229523
Dataset\pred\PG_PBD_2013031313150310.npz,2,1.4342095851898193,2.306795358657837,22.033451080322266,0.2413910878406451,0.9714075594329485,0.971341183604341,0.14324887096881866,0.18410618603229523,0.8876584817846253,0.14324887096881866,0.18410618603229523
Dataset\pred\PG_WRD_2012050409443182.npz,0,0.5733548402786255,0.7495315074920654,3.490851879119873,0.19788069309322834,0.9854397892418668,0.9856707426746697,0.13091202080249786,0.17196440696716309,0.91478093403948,0.13091202080249786,0.17196440696716309
Dataset\pred\PG_WRD_2012050409443182.npz,1,0.5733548402786255,0.7495315074920654,3.490851879119873,0.19788069309322834,0.9854397892418668,0.9856707426746697,0.13091202080249786,0.17196440696716309,0.91478093403948,0.13091202080249786,0.17196440696716309
Dataset\pred\PG_WRD_2012050409443182.npz,2,0.5733548402786255,0.7495315074920654,3.490851879119873,0.19788069309322834,0.9854397892418668,0.9856707426746697,0.13091202080249786,0.17196440696716309,0.91478093403948,0.13091202080249786,0.17196440696716309
Dataset\pred\TA_O03E_2013042000510695.npz,0,0.3026514947414398,0.45925116539001465,2.690607786178589,0.3286143359153584,0.9482441407248756,0.947308819322259,0.16605205833911896,0.22500580549240112,0.806291125020061,0.16605205833911896,0.22500579059123993
Dataset\pred\TA_O03E_2013042000510695.npz,1,0.3026514947414398,0.45925116539001465,2.690607786178589,0.3286143359153584,0.9482441407248756,0.947308819322259,0.16605205833911896,0.22500580549240112,0.806291125020061,0.16605205833911896,0.22500579059123993
Dataset\pred\TA_O03E_2013042000510695.npz,2,0.3026514947414398,0.45925116539001465,2.690607786178589,0.3286143359153584,0.9482441407248756,0.947308819322259,0.16605205833911896,0.22500580549240112,0.806291125020061,0.16605205833911896,0.22500579059123993
Dataset\pred\TA_R05C_2007090819070519.npz,0,16.580326080322266,20.32661247253418,72.45985412597656,0.14624702805576928,0.9894577105101485,0.9957584819463238,0.5516168475151062,0.6183277368545532,0.25004012197079123,0.551616907119751,0.6183277368545532
Dataset\pred\TA_R05C_2007090819070519.npz,1,16.580326080322266,20.32661247253418,72.45985412597656,0.14624702805576928,0.9894577105101485,0.9957584819463238,0.5516168475151062,0.6183277368545532,0.25004012197079123,0.551616907119751,0.6183277368545532
Dataset\pred\TA_R05C_2007090819070519.npz,2,16.580326080322266,20.32661247253418,72.45985412597656,0.14624702805576928,0.9894577105101485,0.9957584819463238,0.5516168475151062,0.6183277368545532,0.25004012197079123,0.551616907119751,0.6183277368545532
Dataset\pred\WR_CSP_2011120501093875.npz,0,21.43537712097168,28.72430992126465,221.85623168945312,0.6849751029925941,0.7382953739982783,0.7382961592542789,0.2669559717178345,0.30686548352241516,0.8173647889584337,0.2669559717178345,0.30686548352241516
Dataset\pred\WR_CSP_2011120501093875.npz,1,21.43537712097168,28.72430992126465,221.85623168945312,0.6849751029925941,0.7382953739982783,0.7382961592542789,0.2669559717178345,0.30686548352241516,0.8173647889584337,0.2669559717178345,0.30686548352241516
Dataset\pred\WR_CSP_2011120501093875.npz,2,21.43537712097168,28.72430992126465,221.85623168945312,0.6849751029925941,0.7382953739982783,0.7382961592542789,0.2669559717178345,0.30686548352241516,0.8173647889584337,0.2669559717178345,0.30686548352241516
Dataset\pred\WR_SLD_2016121617025259.npz,0,1.545576810836792,2.4076855182647705,19.79327964782715,0.4108293292313075,0.9128625195343911,0.912814934840861,0.2276957631111145,0.28026729822158813,0.8484994382924089,0.2276957929134369,0.28026729822158813
Dataset\pred\WR_SLD_2016121617025259.npz,1,1.545576810836792,2.4076855182647705,19.79327964782715,0.4108293292313075,0.9128625195343911,0.912814934840861,0.2276957631111145,0.28026729822158813,0.8484994382924089,0.2276957929134369,0.28026729822158813
Dataset\pred\WR_SLD_2016121617025259.npz,2,1.545576810836792,2.4076855182647705,19.79327964782715,0.4108293292313075,0.9128625195343911,0.912814934840861,0.2276957631111145,0.28026729822158813,0.8484994382924089,0.2276957929134369,0.28026729822158813
